brand_id,fascia_id,brand,fascia,p25_m2,median_m2,p75_m2,min_m2,max_m2,sample_count,coefficient_of_variation
85d19d56-0a15-53b9-b6ad-63c01896eef8,2a042524-1c1b-5640-afc6-c96e2b844a4a,Aldi,Aldi,1466.0,1690.5,1803.2,577.0,3583.0,648,0.176
85d19d56-0a15-53b9-b6ad-63c01896eef8,,Aldi,,1456.5,1684.0,1802.0,577.0,3583.0,655,0.181
176c6b12-e5e2-5b3f-9ea7-3ae261dfe01a,494db915-a6a6-5656-86a3-13616221094c,Lidl,Lidl,1456.2,1778.5,2091.8,632.0,4986.0,594,0.278
176c6b12-e5e2-5b3f-9ea7-3ae261dfe01a,,Lidl,,1456.2,1778.5,2091.8,632.0,4986.0,594,0.278
efe3c586-f318-46c1-bfee-b200c0724996,58a24865-b21c-4e48-9fb2-89db09b8f7ed,Pret A Manger,Pret A Manger,179.0,257.0,342.5,81.0,722.0,195,0.451
efe3c586-f318-46c1-bfee-b200c0724996,,Pret A Manger,,179.0,257.0,342.5,81.0,722.0,195,0.451
6fd87440-3efa-4df5-a473-f3be257bf964,63c44b20-82b8-4321-9168-c5e274256e9c,Domino's,Domino's,89.2,113.0,149.0,41.0,359.0,426,0.431
6fd87440-3efa-4df5-a473-f3be257bf964,,Domino's,,89.2,113.0,149.0,41.0,359.0,426,0.431
693cb481-91c0-4cdc-9aa7-fe4f75796594,9f72ec0f-ad40-488a-a38e-bfefd8b9ed8f,Wetherspoons,Wetherspoons,538.8,728.5,991.5,30.0,1844.0,48,0.508
693cb481-91c0-4cdc-9aa7-fe4f75796594,,Wetherspoons,,538.8,728.5,991.5,30.0,1844.0,48,0.508
a6f7876c-3634-52bd-a53c-1c01cc6f904d,373f08e5-3157-5174-9646-4998eb76d180,Farmfoods,Farmfoods,486.0,684.5,919.0,235.0,1863.0,164,0.476
a6f7876c-3634-52bd-a53c-1c01cc6f904d,,Farmfoods,,486.0,684.5,919.0,235.0,1863.0,164,0.476
54b351c7-aea7-4362-a4bd-e4b7eb9a185a,f673f333-6284-4184-93f0-8198d6ca5158,Oxfam,Oxfam,98.0,136.0,181.0,48.0,373.0,221,0.418
54b351c7-aea7-4362-a4bd-e4b7eb9a185a,,Oxfam,,98.0,136.0,181.0,48.0,373.0,221,0.418
dfb1365f-aecd-46fc-96d2-ea71f970704d,4ff84afe-fc12-4f81-be3c-6b0f28cbcaaa,Poundland,Poundland,696.0,949.0,1355.0,290.0,2526.0,233,0.473
dfb1365f-aecd-46fc-96d2-ea71f970704d,,Poundland,,696.0,949.0,1355.0,290.0,2526.0,233,0.473
e2561044-bdb6-44c5-aeca-acf18a7403a6,6bbcc1cb-5f9c-4547-b41e-e538e05c460a,B&M,B&M,1766.0,2298.0,2930.0,818.0,6090.0,309,0.401
e2561044-bdb6-44c5-aeca-acf18a7403a6,,B&M,,1766.0,2298.0,2930.0,818.0,6090.0,309,0.401
11a80cda-0453-5c6a-a7ce-ef4c71afe412,a85e7d3c-07d7-50d3-befa-de69ee4b7fa9,Marks and Spencer,Marks and Spencer,4978.5,6890.0,9322.0,2425.0,20657.0,143,0.502
11a80cda-0453-5c6a-a7ce-ef4c71afe412,,Marks and Spencer,,1418.0,2486.0,6662.0,458.0,20657.0,303,0.931
049008d5-bb0f-54fa-8c97-38503532b05e,fbe4488b-1368-5d6f-967d-18fa6393cecc,Morrisons,Morrisons,4410.2,5616.0,6876.0,2116.0,12218.0,192,0.32
049008d5-bb0f-54fa-8c97-38503532b05e,,Morrisons,,165.8,248.0,487.2,82.0,12218.0,852,1.669
fdb1ab3a-4099-4775-93f6-87235834ea49,915c7f46-2052-4f04-a46b-92b395037e56,Black Sheep Coffee,Black Sheep Coffee,163.0,201.0,302.5,28.0,1906.0,27,1.195
fdb1ab3a-4099-4775-93f6-87235834ea49,,Black Sheep Coffee,,163.0,201.0,302.5,28.0,1906.0,27,1.195
7720e381-c77d-451c-87f6-233ab8d026ce,b1488318-8b46-49ce-9736-ea5d58153fe4,Travelodge,Travelodge,1171.2,1837.0,2622.0,624.0,5289.0,332,0.501
7720e381-c77d-451c-87f6-233ab8d026ce,,Travelodge,,1171.2,1837.0,2622.0,624.0,5289.0,332,0.501
8de3e17c-8384-48a4-9904-5bb5f25fea36,073c2f8b-5ea3-4fe1-ad90-876bd5fe2c41,McDonald's,McDonald's Drive Thru,311.0,357.0,450.0,120.0,887.0,565,0.312
8de3e17c-8384-48a4-9904-5bb5f25fea36,,McDonald's,,324.5,400.5,558.2,120.0,1473.0,856,0.423
cb64d6ca-f8db-5e7e-80d8-c09fe4e112ff,39528b04-32b4-55aa-ad85-a784499f43fd,Sainsburys,Sainsburys Local,352.0,412.0,509.0,138.0,1194.0,501,0.382
cb64d6ca-f8db-5e7e-80d8-c09fe4e112ff,,Sainsburys,,387.0,541.0,4092.0,138.0,13812.0,791,1.281
8de3e17c-8384-48a4-9904-5bb5f25fea36,87007f0e-dcec-4e08-a0ba-6dcf05fe9d5f,McDonald's,McDonald's,455.5,583.0,742.0,196.0,1473.0,291,0.389
568591fd-ed88-52eb-906e-6f5dcde0cb5e,6cf0f1d8-35ef-581f-873c-f40059ced078,Asda,Asda Superstore,6700.5,7876.0,9627.0,2373.0,16347.0,131,0.307
568591fd-ed88-52eb-906e-6f5dcde0cb5e,,Asda,,3111.5,6700.5,8720.5,108.0,16347.0,196,0.578
2cbd55e5-823e-4511-96fa-d9304d1ebc90,a28a6eb9-e29e-45eb-8470-4d56aa166a91,Well Pharmacy,Well Pharmacy,83.0,111.5,158.8,53.0,404.0,134,0.505
2cbd55e5-823e-4511-96fa-d9304d1ebc90,,Well Pharmacy,,83.0,111.5,158.8,53.0,404.0,134,0.505
5914dace-d0f3-4773-bec9-f0586a16ee05,21da536e-4147-4ddd-a567-f5cbc7db7b05,Three,Three,108.0,153.0,231.0,11.0,1320.0,253,0.792
5914dace-d0f3-4773-bec9-f0586a16ee05,,Three,,108.0,153.0,231.0,11.0,1320.0,253,0.792
649f5b43-9f4d-52a3-8adb-35611e1cabde,1b9db5b8-6b30-52fb-8e80-a7d5a856a691,The Co-operative Group,The Co-operative Food,295.0,371.0,490.0,134.0,1183.0,860,0.492
649f5b43-9f4d-52a3-8adb-35611e1cabde,,The Co-operative Group,,295.0,371.0,490.0,134.0,1183.0,860,0.492
8cc6ec48-3349-4973-8ace-1b8e699e3f3f,c769daa0-0630-4b08-9b77-aed633533734,Wagamama,Wagamama,331.2,429.5,539.5,158.0,1071.0,74,0.397
8cc6ec48-3349-4973-8ace-1b8e699e3f3f,,Wagamama,,331.2,429.5,539.5,158.0,1071.0,74,0.397
902f826b-96d5-5c8a-9188-3db46146456e,0fea3e4e-927f-5d80-b039-ebac8675c823,Booths,Booths,2255.0,2817.0,3110.0,1382.0,3527.0,13,0.224
902f826b-96d5-5c8a-9188-3db46146456e,,Booths,,2255.0,2817.0,3110.0,1382.0,3527.0,13,0.224
ebbf0853-fb50-4ed1-8662-2a105784b243,67a4d2f4-b739-482b-afae-fdf4be2ed7cf,Marston's,Marston's,296.8,385.0,503.5,138.0,1285.0,160,0.446
ebbf0853-fb50-4ed1-8662-2a105784b243,,Marston's,,296.8,385.0,503.5,138.0,1285.0,160,0.446
b61827c1-9c6b-524b-8150-dda412e381c3,23bb3f6c-064f-5407-b696-2f00e2d59414,Heron,Heron,339.5,440.0,598.5,136.0,1105.0,151,0.439
b61827c1-9c6b-524b-8150-dda412e381c3,,Heron,,338.8,440.0,597.8,136.0,1105.0,152,0.44
344e9622-c406-5164-876e-a0abac81d815,8daa2922-afe8-5bd0-92a6-5a5e0264893d,Spar,Spar,162.0,244.0,342.0,84.0,749.0,741,0.513
344e9622-c406-5164-876e-a0abac81d815,,Spar,,162.0,244.0,342.0,84.0,749.0,741,0.513
e857a28d-a53f-4411-81da-d734cc84b2bf,10b4c09e-119c-4a40-8ef1-c1ce2373a9a7,David Lloyd,David Lloyd,5511.8,9158.0,10558.0,3651.0,22786.0,70,0.413
e857a28d-a53f-4411-81da-d734cc84b2bf,,David Lloyd,,5511.8,9158.0,10558.0,3651.0,22786.0,70,0.413
b3c75b88-53a2-48a3-b2d4-cd0ba84cba92,23ec2359-06a9-4533-91d3-4b68d4a167ab,Premier Inn,Premier Inn,2330.0,3410.0,4633.0,1056.0,9297.0,275,0.514
b3c75b88-53a2-48a3-b2d4-cd0ba84cba92,,Premier Inn,,2330.0,3410.0,4633.0,1056.0,9297.0,275,0.514
36fc4be2-44a3-4833-a171-2855ab7de425,d3b5b4b0-9115-4177-8870-542e07ffe7bd,Nando's,Nando's,307.8,351.5,419.5,137.0,985.0,228,0.335
36fc4be2-44a3-4833-a171-2855ab7de425,,Nando's,,307.8,351.5,419.5,137.0,985.0,228,0.335
5ced0d4d-166f-5df8-8652-1c334602b7b8,7848b253-8fa6-51d3-8b70-f43352d7033c,Midcounties Co-operative,The Co-operative Food,223.2,325.5,441.8,58.0,1787.0,104,0.741
5ced0d4d-166f-5df8-8652-1c334602b7b8,,Midcounties Co-operative,,223.2,325.5,441.8,58.0,1787.0,104,0.741
2f90cb73-573a-5660-a854-07428d45c439,2291f534-698c-56cf-aae6-796a195caf9f,Iceland,Iceland,670.2,823.5,1040.5,280.0,2423.0,430,0.383
2f90cb73-573a-5660-a854-07428d45c439,,Iceland,,699.5,889.0,1135.0,280.0,2423.0,527,0.382
ffa03653-2689-4918-bad9-dbdd35caaade,c63119b1-718c-4e19-907f-32a40ede14f7,Starbucks,Starbucks,154.5,195.0,250.0,63.0,563.0,379,0.41
ffa03653-2689-4918-bad9-dbdd35caaade,,Starbucks,,156.5,183.0,238.0,61.0,563.0,491,0.4
fb70574b-2aff-4132-94aa-ddd7734750f6,9143e955-d095-4a21-b114-051817eb911a,Specsavers,Specsavers,170.0,236.0,315.5,107.0,946.0,192,0.527
fb70574b-2aff-4132-94aa-ddd7734750f6,,Specsavers,,170.0,236.0,315.5,107.0,946.0,192,0.527
7c575ecf-eebb-47c3-adf4-2c0d525c2db3,aa1e77c3-802f-4ef0-b881-d819663cb156,Screwfix,Screwfix,431.0,539.5,707.2,203.0,1519.0,416,0.37
7c575ecf-eebb-47c3-adf4-2c0d525c2db3,,Screwfix,,431.0,539.5,707.2,203.0,1519.0,416,0.37
0b252a25-c3aa-5edb-b1ad-92704ad3bafa,4f7cd3b2-f205-5d59-bf55-5b0c3e8a0d8f,Scottish Midland Co-operative,The Co-operative Food,104.0,222.0,318.0,37.0,1193.0,53,0.866
0b252a25-c3aa-5edb-b1ad-92704ad3bafa,,Scottish Midland Co-operative,,104.0,222.0,318.0,37.0,1193.0,53,0.866
45059750-da36-51f4-948f-29b83102b471,91a16d23-3b0f-5618-90a7-2a150029caee,Tesco,Tesco Express,304.0,367.0,428.5,130.0,1126.0,887,0.396
45059750-da36-51f4-948f-29b83102b471,,Tesco,,345.8,446.0,4204.8,130.0,25344.0,1400,1.377
743edf75-58be-49c2-b39c-0faec73fa1dc,54cb8b9f-0986-4c12-abee-a0aba0f4ab87,Subway,Subway,73.0,96.0,133.0,35.0,306.0,510,0.476
743edf75-58be-49c2-b39c-0faec73fa1dc,,Subway,,73.0,96.0,133.0,35.0,306.0,510,0.476
a5f6cacf-ab5b-44cb-9110-1dd46b043c57,40eb2492-8067-4bf4-86a2-dd2c3e7cdcad,Franco Manca,Franco Manca,170.0,243.0,314.0,42.0,576.0,57,0.48
a5f6cacf-ab5b-44cb-9110-1dd46b043c57,,Franco Manca,,170.0,243.0,314.0,42.0,576.0,57,0.48
baa22f66-d6c1-4137-80f2-9d453554e1ca,3e85bfed-4242-45ba-9cae-09d8a074bb3e,Virgin Active,Virgin Active,3070.5,3840.0,4583.0,2384.0,5982.0,11,0.291
baa22f66-d6c1-4137-80f2-9d453554e1ca,,Virgin Active,,3070.5,3840.0,4583.0,2384.0,5982.0,11,0.291
67ba942b-0e73-4f98-8101-d5b2cbae8efa,494542db-7fca-4414-9171-d63cb97df65a,Papa John's,Papa John's,84.5,108.0,134.5,39.0,302.0,143,0.477
67ba942b-0e73-4f98-8101-d5b2cbae8efa,,Papa John's,,84.5,108.0,134.5,39.0,302.0,143,0.477
539ec645-e07d-4e40-9d28-5b445ff46414,5b4f6fba-b7cb-475b-b6ac-ca281280262d,TK Maxx,TK Maxx,1873.0,2357.0,3197.5,910.0,6886.0,162,0.394
539ec645-e07d-4e40-9d28-5b445ff46414,,TK Maxx,,1873.0,2357.0,3197.5,910.0,6886.0,162,0.394
b324318f-71de-5ae7-bdb8-113b5383ccdf,28dfeaee-70b9-559f-bded-04329cf782f2,Waitrose,Waitrose,2564.2,3107.0,3558.5,1072.0,8611.0,120,0.298
b324318f-71de-5ae7-bdb8-113b5383ccdf,,Waitrose,,2086.2,2903.0,3461.0,315.0,8611.0,154,0.47
45059750-da36-51f4-948f-29b83102b471,277a03fc-0a6b-56e7-9102-4dff43461324,Tesco,Tesco,3079.0,4442.0,6148.0,1488.0,11174.0,361,0.438
bb41d2fb-6cc5-4a4d-9205-b5a5646dea31,4868a350-3fd7-425b-b6f2-a249a71147b4,River Island,River Island,917.0,1074.0,1462.5,440.0,2766.0,51,0.411
bb41d2fb-6cc5-4a4d-9205-b5a5646dea31,,River Island,,917.0,1074.0,1462.5,440.0,2766.0,51,0.411
ffa03653-2689-4918-bad9-dbdd35caaade,50309d55-45ae-47d8-82a8-3c12bc8fac5b,Starbucks,Starbucks Drive-Thru,161.8,172.0,184.0,61.0,407.0,112,0.289
77c55a35-9e5c-5bf0-b288-d5effae49af7,5e9dcc85-1212-5ab5-a95c-b6b86880e938,Cook,Cook,87.0,113.5,155.2,58.0,1425.0,74,1.138
77c55a35-9e5c-5bf0-b288-d5effae49af7,,Cook,,87.0,113.5,155.2,58.0,1425.0,74,1.138
8d27a15d-6bd9-4525-9131-07f96114d3f3,be130a8e-c11d-49c5-a420-478f6ab45388,Greggs,Greggs,88.0,124.5,194.2,40.0,347.0,448,0.509
8d27a15d-6bd9-4525-9131-07f96114d3f3,,Greggs,,88.0,124.5,194.2,40.0,347.0,448,0.509
69d4e9f4-d809-458d-a11c-f5b39f5bc870,a5367623-2e3c-49b9-a878-a6b4d3f15d8b,Zara,Zara,1679.5,2188.0,3066.0,768.0,5089.0,23,0.437
69d4e9f4-d809-458d-a11c-f5b39f5bc870,,Zara,,1679.5,2188.0,3066.0,768.0,5089.0,23,0.437
883bb401-ea4b-4fd4-9c27-0e4586af2a5d,7893445e-396c-4d58-ad5e-9577b81d07fa,The Range,The Range,3325.0,4391.0,5617.0,2561.0,10561.0,37,0.365
883bb401-ea4b-4fd4-9c27-0e4586af2a5d,,The Range,,3325.0,4391.0,5617.0,2561.0,10561.0,37,0.365
4ff42271-9f42-54f9-ba8a-a554508c1630,e41ebdba-1f88-5006-883d-fec43386c9a9,Central England Co-operative,The Co-operative Food,372.0,433.0,496.0,212.0,875.0,73,0.272
4ff42271-9f42-54f9-ba8a-a554508c1630,,Central England Co-operative,,372.0,433.0,496.0,212.0,875.0,73,0.272
30034d42-f9c3-42a7-a44b-99c5b80d4d31,487e46d9-8875-4260-9987-8ab968ca1937,Energie Fitness,Energie Fitness,433.8,571.5,687.5,136.0,1105.0,8,0.518
30034d42-f9c3-42a7-a44b-99c5b80d4d31,,Energie Fitness,,433.8,571.5,687.5,136.0,1105.0,8,0.518
45059750-da36-51f4-948f-29b83102b471,44832480-9ef0-55c2-86ff-cfd430aeee41,Tesco,Tesco Extra,8584.0,9773.5,11560.5,3643.0,25344.0,152,0.292
049008d5-bb0f-54fa-8c97-38503532b05e,f0c8f6ea-a54a-58f4-aa28-d7d8b3867cba,Morrisons,Morrisons Daily,145.0,206.0,286.2,82.0,718.0,660,0.491
2f0e5ff1-2235-4089-b5ef-03c0a21601c0,c313e46b-6de8-4adf-9083-4f4764888c19,Wickes,Wickes,2322.5,2532.0,2909.0,990.0,7573.0,111,0.298
2f0e5ff1-2235-4089-b5ef-03c0a21601c0,,Wickes,,2322.5,2532.0,2909.0,990.0,7573.0,111,0.298
cb64d6ca-f8db-5e7e-80d8-c09fe4e112ff,3fca3ab1-2181-597c-a16c-7936192fc2a6,Sainsburys,Sainsburys,3650.5,5811.5,8137.5,1613.0,13812.0,290,0.468
4526b7c8-1c10-45a3-abc6-d97f6c6de032,9f227fef-8b9b-425e-a7bf-fa53b7b7e004,KFC,KFC,130.8,199.0,268.5,82.0,703.0,112,0.525
4526b7c8-1c10-45a3-abc6-d97f6c6de032,,KFC,,130.8,199.0,268.5,82.0,703.0,112,0.525
11a80cda-0453-5c6a-a7ce-ef4c71afe412,7f6205e2-8d70-5be7-b256-6b754938c059,Marks and Spencer,Marks and Spencer Simply Food,1080.0,1442.0,1693.5,492.0,3939.0,96,0.424
6d55c938-b6e1-4c3b-9d73-d5eb33408143,705c7a50-bb18-4f25-82d0-b7148292a77e,Pizza Express,PizzaExpress,238.5,302.0,362.5,103.0,836.0,155,0.387
6d55c938-b6e1-4c3b-9d73-d5eb33408143,,Pizza Express,,238.5,302.0,362.5,103.0,836.0,155,0.387
6fcc4f07-b2e7-5350-84ba-bf4a92976a07,d6378a0d-a8b5-57a0-b133-e567f02a09e8,The Southern Co-operative,The Co-operative Food,243.0,327.0,381.0,130.0,921.0,121,0.464
6fcc4f07-b2e7-5350-84ba-bf4a92976a07,,The Southern Co-operative,,243.0,327.0,381.0,130.0,921.0,121,0.464
3d556538-f931-4252-8ade-e592c3bafbcb,5f30b396-1a80-4745-bf60-d006ae9e6f83,Kwik Fit,Kwik Fit,388.5,455.0,667.5,176.0,1201.0,119,0.402
3d556538-f931-4252-8ade-e592c3bafbcb,,Kwik Fit,,388.5,455.0,667.5,176.0,1201.0,119,0.402
11a80cda-0453-5c6a-a7ce-ef4c71afe412,45628f6d-2588-531b-8f5d-5e09710a5262,Marks and Spencer,Marks and Spencer Foodhall,1066.5,1393.0,1570.0,458.0,2992.0,59,0.342
d609423c-85d5-4006-9833-8a30eef8a8df,cadada6c-cd70-4fee-8e8a-952bac725ff0,O2,O2,152.8,210.5,276.8,66.0,577.0,216,0.454
d609423c-85d5-4006-9833-8a30eef8a8df,,O2,,152.8,210.5,276.8,66.0,577.0,216,0.454
24ad60a4-62c4-4440-9aa1-8e447a940544,62ec95df-eee5-49ae-9945-122e70c6cbf4,The Gym Group,The Gym Group,1035.0,1312.0,1579.0,482.0,2637.0,113,0.327
24ad60a4-62c4-4440-9aa1-8e447a940544,,The Gym Group,,1035.0,1312.0,1579.0,482.0,2637.0,113,0.327
9d543247-db5e-4ba9-87f3-3fe26e712db5,888bbff5-a082-4397-8b90-4f969709ec94,Bannatyne,Bannatyne,2118.0,2411.0,3261.0,1270.0,5152.0,25,0.327
9d543247-db5e-4ba9-87f3-3fe26e712db5,,Bannatyne,,2118.0,2411.0,3261.0,1270.0,5152.0,25,0.327
455410bb-10b9-4017-9859-8b35c1a08165,a99cc58b-e0cc-4fcf-80b0-23363e68259e,Caffè Nero,Caffè Nero,132.5,199.0,281.5,51.0,608.0,119,0.506
455410bb-10b9-4017-9859-8b35c1a08165,,Caffè Nero,,132.5,199.0,281.5,51.0,608.0,119,0.506
cfa1519b-1b0b-45b8-b2ed-fc92ac20acbf,9cb83386-14c2-4298-baf9-213a0ae5b143,Home Bargains,Home Bargains,1038.0,1453.0,1946.0,658.0,3899.0,101,0.448
cfa1519b-1b0b-45b8-b2ed-fc92ac20acbf,,Home Bargains,,1038.0,1453.0,1946.0,658.0,3899.0,101,0.448
1dbaafad-b6b5-472e-ad16-cbde06b47eb0,ff11bfe2-8933-4ba9-944b-2f193e95e8ab,Leon,Leon,136.0,181.0,237.5,85.0,841.0,30,0.757
1dbaafad-b6b5-472e-ad16-cbde06b47eb0,,Leon,,136.0,181.0,237.5,85.0,841.0,30,0.757
238eb0a0-601f-48dd-8bb5-4bbb586a9580,b1717744-8077-46ad-9a2c-5eca48b0ba7b,Vodafone,Vodafone,105.0,149.0,221.5,52.0,389.0,151,0.472
238eb0a0-601f-48dd-8bb5-4bbb586a9580,,Vodafone,,105.0,149.0,221.5,52.0,389.0,151,0.472
7b168dd8-c2b1-40a9-af49-172a22127b2a,209a436a-b5c1-40f7-a5a3-b1612df23d8c,Shurgard,Shurgard,3371.8,6258.0,7982.5,2065.0,11143.0,44,0.421
7b168dd8-c2b1-40a9-af49-172a22127b2a,,Shurgard,,3371.8,6258.0,7982.5,2065.0,11143.0,44,0.421
9cf610cb-8f94-4019-8f8e-b60f330d2e30,05fdf9c5-8b8d-4edc-bece-e53609dec255,EE,EE,122.0,172.0,239.5,44.0,1464.0,239,0.753
9cf610cb-8f94-4019-8f8e-b60f330d2e30,,EE,,122.0,172.0,239.5,44.0,1464.0,239,0.753
2274a828-b18c-562c-a09d-337deaa44b5f,b585df65-93b9-5064-9df7-15e9f7b05790,Budgens,Budgens,185.0,266.0,354.0,117.0,1021.0,181,0.569
2274a828-b18c-562c-a09d-337deaa44b5f,,Budgens,,185.0,266.0,354.0,117.0,1021.0,181,0.569
e9f5127d-c3b7-4542-8785-76b73a17bbc7,c95c6601-12a0-48ba-b42b-e4ae83bf05d2,Pandora,Pandora,111.5,159.0,202.5,61.0,473.0,47,0.549
e9f5127d-c3b7-4542-8785-76b73a17bbc7,,Pandora,,111.5,159.0,202.5,61.0,473.0,47,0.549
cd533bd3-d71a-4a38-8efa-f8d5c65fd841,2599b6b0-2bbc-4fb8-97c8-4a008a89a0cc,Cornish Bakery,Cornish Bakery,141.8,288.5,406.2,51.0,954.0,24,0.688
cd533bd3-d71a-4a38-8efa-f8d5c65fd841,,Cornish Bakery,,141.8,288.5,406.2,51.0,954.0,24,0.688
cbf76d76-7cc5-401a-9f82-78e9813f7b3e,a28d30e8-0ef2-46b2-bc13-7f7db2568568,Next,Next,1326.5,1823.5,2814.5,699.0,5971.0,188,0.556
cbf76d76-7cc5-401a-9f82-78e9813f7b3e,,Next,,1326.5,1823.5,2814.5,699.0,5971.0,188,0.556
b324318f-71de-5ae7-bdb8-113b5383ccdf,ee3e08ec-bb0c-5f85-8e2d-b1bbf275b0e8,Waitrose,Little Waitrose,468.0,593.0,904.0,315.0,1535.0,28,0.46
3099c7f2-e24f-4d73-a21a-31a8cc9971f6,532c6ce6-04c2-43b9-bdcb-c9cdbc3859cb,Sports Direct,Sports Direct,965.5,1465.0,1913.0,460.0,4101.0,200,0.518
3099c7f2-e24f-4d73-a21a-31a8cc9971f6,,Sports Direct,,965.5,1465.0,1913.0,460.0,4101.0,200,0.518
3e0e825f-6865-40a3-acf0-9145f7061183,0df0ae86-8895-41ac-8438-3998a9a5a0e6,Toolstation,Toolstation,381.2,446.5,522.0,192.0,1232.0,146,0.312
3e0e825f-6865-40a3-acf0-9145f7061183,,Toolstation,,381.2,446.5,522.0,192.0,1232.0,146,0.312
678d4dea-f80a-469d-a76d-4ac5b4aa6571,849c27bb-6234-431f-a506-e5b7ebd5ad47,Blank Street Coffee,Blank Street Coffee,88.0,104.0,154.2,36.0,503.0,18,0.77
678d4dea-f80a-469d-a76d-4ac5b4aa6571,,Blank Street Coffee,,88.0,104.0,154.2,36.0,503.0,18,0.77
005e0955-11b2-4206-8fac-c677f44780de,8ef5ee63-4dd9-449f-b71b-2c740eb295e8,Safestore,Safestore,4406.0,5468.0,6100.0,2055.0,11950.0,33,0.388
005e0955-11b2-4206-8fac-c677f44780de,,Safestore,,4406.0,5468.0,6100.0,2055.0,11950.0,33,0.388
6db9370c-b948-4f63-9469-d43534ee8e5f,71549876-4ec6-47e5-b3ea-9e2c9dbabaa3,JD Gyms,JD Gyms,1704.2,2292.0,3270.0,172.0,7331.0,14,0.689
6db9370c-b948-4f63-9469-d43534ee8e5f,,JD Gyms,,1704.2,2292.0,3270.0,172.0,7331.0,14,0.689
bf4157c4-55e7-465b-8c77-d559487a0830,f4264258-2bdc-4982-8648-e1202c28c337,PureGym,PureGym,909.5,1230.0,1560.5,407.0,3029.0,126,0.405
bf4157c4-55e7-465b-8c77-d559487a0830,,PureGym,,909.5,1230.0,1560.5,407.0,3029.0,126,0.405
a2936fb5-2f43-440f-9c23-6749ac1990a4,e30eafce-d9c1-494f-9228-8e8f9368c1bd,Vets4Pets,Vets4Pets,192.0,271.0,728.0,109.0,3817.0,21,1.43
a2936fb5-2f43-440f-9c23-6749ac1990a4,,Vets4Pets,,192.0,271.0,728.0,109.0,3817.0,21,1.43
a6484d11-d085-43dd-8c3f-101dcbbfd73b,9aafa804-588b-4ec1-9f44-bc2071b06fa9,Bird & Blend,Bird & Blend,70.0,126.5,166.8,49.0,464.0,16,0.751
a6484d11-d085-43dd-8c3f-101dcbbfd73b,,Bird & Blend,,70.0,126.5,166.8,49.0,464.0,16,0.751
d08602bb-409b-472a-8b27-17e23a0dfc67,cbc394d7-f5e7-47db-be91-dc33867e65b7,Five Guys,Five Guys,259.0,329.0,414.0,41.0,5356.0,97,1.48
d08602bb-409b-472a-8b27-17e23a0dfc67,,Five Guys,,259.0,329.0,414.0,41.0,5356.0,97,1.48
2e7547e9-af82-43d1-99c5-07e602a66042,7fd43140-a3c6-4264-b4a4-51346c15b8a6,Go Outdoors,Go Outdoors,352.2,428.5,522.8,205.0,2569.0,12,1.069
2e7547e9-af82-43d1-99c5-07e602a66042,,Go Outdoors,,352.2,428.5,522.8,205.0,2569.0,12,1.069
b324318f-71de-5ae7-bdb8-113b5383ccdf,2daf2d09-3d8d-5201-91e8-1078c4335d9b,Waitrose,Waitrose MSA,2509.2,2959.5,3101.5,2012.0,5080.0,6,0.345
0c1a9f3a-63ca-4697-b0e4-745e84a66a28,f01accee-e808-45fd-81b1-0ae018c8b23f,MFG EV Power,MFG EV Power,78.0,135.5,269.0,53.0,11457.0,46,2.437
0c1a9f3a-63ca-4697-b0e4-745e84a66a28,,MFG EV Power,,78.0,135.5,269.0,53.0,11457.0,46,2.437
a409e639-9fdc-4691-84b7-37d5aaa634b4,d8a10adc-804f-4c6f-b5c2-7dcf3d55a91e,Prezzo,Prezzo,279.0,350.0,451.8,37.0,1136.0,50,0.477
a409e639-9fdc-4691-84b7-37d5aaa634b4,,Prezzo,,279.0,350.0,451.8,37.0,1136.0,50,0.477
8540c2da-3d9f-45ae-92c2-1a7f799c94d7,6766787c-037e-4e27-b4bd-224e43bc4d58,H&M,H&M,1485.5,1865.0,2432.0,663.0,5030.0,71,0.462
8540c2da-3d9f-45ae-92c2-1a7f799c94d7,,H&M,,1485.5,1865.0,2432.0,663.0,5030.0,71,0.462
3fc73495-9bd2-476b-9ec7-d7454d116235,9abfe722-5dee-4c75-93ab-931bdde1b3d9,Honest Burgers,Honest Burgers,124.5,172.0,260.2,58.0,664.0,52,0.631
3fc73495-9bd2-476b-9ec7-d7454d116235,,Honest Burgers,,124.5,172.0,260.2,58.0,664.0,52,0.631
568591fd-ed88-52eb-906e-6f5dcde0cb5e,1a1979e3-deae-5120-a41c-116a47a036e1,Asda,Asda Supermarket,1306.0,2064.0,2949.0,683.0,5098.0,49,0.509
2f90cb73-573a-5660-a854-07428d45c439,dce284df-01b2-5ede-86f9-53b0deb4561c,Iceland,The Food Warehouse,1032.0,1167.0,1415.0,380.0,2287.0,97,0.279
568591fd-ed88-52eb-906e-6f5dcde0cb5e,d3fec514-eb54-5a29-ad74-d907ef6a7792,Asda,Asda Living,3035.0,3347.0,3481.2,2268.0,3654.0,10,0.142
786fbdab-5fb9-4078-a8d5-1bd253b6db83,986f209a-019d-4897-9374-17cab3c0ffb5,Burger King,Burger King,208.0,311.0,428.5,96.0,718.0,87,0.491
786fbdab-5fb9-4078-a8d5-1bd253b6db83,,Burger King,,202.0,259.0,347.0,96.0,718.0,157,0.471
9c7dbb4a-f781-4bc9-8d9b-4418734eebe3,69ef7d59-0e1d-4705-b2b3-c7b19bf1e183,Gail's,Gail's,140.8,196.5,274.2,47.0,931.0,84,0.651
9c7dbb4a-f781-4bc9-8d9b-4418734eebe3,,Gail's,,140.8,196.5,274.2,47.0,931.0,84,0.651
34834da6-63f7-4541-b79b-18cd4e13e657,8d0987bb-6748-4778-b15a-0f5f3b95c5dc,New Look,New Look,524.2,903.0,1389.2,289.0,2370.0,114,0.565
34834da6-63f7-4541-b79b-18cd4e13e657,,New Look,,524.2,903.0,1389.2,289.0,2370.0,114,0.565
91345dc6-870a-422c-8697-d46b42192679,64b73ebd-797c-4182-8ce1-fdafb4d52c59,Vision Express,Vision Express,104.2,174.5,252.5,46.0,6927.0,98,2.574
91345dc6-870a-422c-8697-d46b42192679,,Vision Express,,104.2,174.5,252.5,46.0,6927.0,98,2.574
08542202-dc12-5258-9a9c-1d092befe536,12648348-6fca-590a-803a-5b27f601929e,East of England Co-operative,The Co-operative Food,149.0,263.0,484.5,39.0,2709.0,43,1.21
08542202-dc12-5258-9a9c-1d092befe536,,East of England Co-operative,,149.0,263.0,484.5,39.0,2709.0,43,1.21
97202e04-6627-409f-8a93-4733f9a71a71,567b228b-c34b-4ff4-86ac-e21ba9e71d15,Big Yellow,Big Yellow,7310.2,8513.0,9680.5,3668.0,19325.0,76,0.324
97202e04-6627-409f-8a93-4733f9a71a71,,Big Yellow,,7310.2,8513.0,9680.5,3668.0,19325.0,76,0.324
9f714eb6-3969-4d97-aed1-20311baf0187,cea44d38-6649-4ade-9f28-49b738d6013b,Zizzi,Zizzi,319.2,379.5,445.0,208.0,762.0,58,0.285
9f714eb6-3969-4d97-aed1-20311baf0187,,Zizzi,,319.2,379.5,445.0,208.0,762.0,58,0.285
68b8593f-20fd-4c85-b793-6066d8807f7a,176f5769-cdb8-4c1d-b57c-aa1174fa567b,Majestic Wine,Majestic Wine,284.2,378.0,432.2,156.0,780.0,36,0.354
68b8593f-20fd-4c85-b793-6066d8807f7a,,Majestic Wine,,284.2,378.0,432.2,156.0,780.0,36,0.354
d6c62b5f-8723-468c-9642-bb4436a4a014,ff72bbcd-6e5b-4ff9-95de-bb58b3900dc1,Flying Tiger,Flying Tiger,358.2,433.0,546.8,287.0,730.0,6,0.352
d6c62b5f-8723-468c-9642-bb4436a4a014,,Flying Tiger,,358.2,433.0,546.8,287.0,730.0,6,0.352
eaf16c23-181a-4818-a781-9386e982bb79,a451b441-9b9f-4f6e-9bfd-b7a1f69f2e35,Primark,Primark,3573.0,4589.0,5311.5,1838.0,8626.0,47,0.349
eaf16c23-181a-4818-a781-9386e982bb79,,Primark,,3573.0,4589.0,5311.5,1838.0,8626.0,47,0.349
ec02e53b-748a-4e6a-ae78-d2cff98fe6d3,1a68832b-d126-4519-a700-ae0c7b173053,TGI Fridays,TGI Fridays,514.0,655.0,708.0,352.0,1194.0,13,0.366
ec02e53b-748a-4e6a-ae78-d2cff98fe6d3,,TGI Fridays,,514.0,655.0,708.0,352.0,1194.0,13,0.366
fd17983d-82e8-40fe-aefd-cab2affd06c4,248c4464-adeb-4b9e-b975-363acf61c34b,H.Samuel,H.Samuel,181.0,233.0,269.0,55.0,529.0,33,0.442
fd17983d-82e8-40fe-aefd-cab2affd06c4,,H.Samuel,,181.0,233.0,269.0,55.0,529.0,33,0.442
3d222cc6-35e9-4bbc-8252-bdbe7ea28fff,5078340a-0aac-4582-9094-ecab254c0e69,Hotel Chocolat,Hotel Chocolat,128.5,174.5,267.5,52.0,417.0,28,0.534
3d222cc6-35e9-4bbc-8252-bdbe7ea28fff,,Hotel Chocolat,,128.5,174.5,267.5,52.0,417.0,28,0.534
ecbaff11-5a2e-4b77-874f-e026b0c5bb82,2dc92f9c-ebf2-4204-8197-e6d90a5d7d1a,Escape Hunt,Escape Hunt,389.0,691.5,1078.2,41.0,3563.0,10,1.079
ecbaff11-5a2e-4b77-874f-e026b0c5bb82,,Escape Hunt,,389.0,691.5,1078.2,41.0,3563.0,10,1.079
1fb59480-e67f-423d-b464-d7d40e16d4a6,ea631132-48dc-4ced-a2f1-64ae07fdef37,Storage King,Storage King,4266.0,5801.0,7985.5,2543.0,14539.0,27,0.443
1fb59480-e67f-423d-b464-d7d40e16d4a6,,Storage King,,4266.0,5801.0,7985.5,2543.0,14539.0,27,0.443
37d075d1-aff9-481e-854b-58aca8d4d034,a1e971df-87fe-40ac-ae57-85f0535d2d01,itsu,itsu,273.0,291.5,411.2,228.0,766.0,14,0.39
37d075d1-aff9-481e-854b-58aca8d4d034,,itsu,,273.0,291.5,411.2,228.0,766.0,14,0.39
72086826-f1d3-476a-b9a5-0d984d6b399b,56556b3e-4741-4a33-90c4-f76c3b10f06b,Osprey,Osprey,337.0,506.0,705.5,40.0,5257.0,39,1.239
72086826-f1d3-476a-b9a5-0d984d6b399b,,Osprey,,337.0,506.0,705.5,40.0,5257.0,39,1.239
90120df0-126c-41a8-91c5-300dab880f6a,8420fdf8-d3b9-41b0-a988-104e249593be,Jewson,Jewson,486.5,631.0,1724.5,362.0,2097.0,15,0.658
90120df0-126c-41a8-91c5-300dab880f6a,,Jewson,,486.5,631.0,1724.5,362.0,2097.0,15,0.658
eb3f6620-8329-41a0-8411-68326ec8501e,93b44ab8-50a8-4d55-b573-00fdbc8f7f3f,Esquires The Organic Coffee Co.,Esquires The Organic Coffee Co.,109.8,143.0,220.5,71.0,500.0,22,0.657
eb3f6620-8329-41a0-8411-68326ec8501e,,Esquires The Organic Coffee Co.,,109.8,143.0,220.5,71.0,500.0,22,0.657
fe5f7857-9a98-433e-909d-ff37ed51dac4,282c2c40-6460-46a6-b4eb-64485cb2cff9,F.Hinds,F.Hinds,135.2,169.5,197.2,83.0,542.0,32,0.518
fe5f7857-9a98-433e-909d-ff37ed51dac4,,F.Hinds,,135.2,169.5,197.2,83.0,542.0,32,0.518
065ab191-b885-4caa-bda1-d8b48c610180,288b5c44-ffa1-459b-bcbd-9cc5d664adf2,Loungers,Loungers,305.8,406.0,554.8,79.0,1018.0,44,0.487
065ab191-b885-4caa-bda1-d8b48c610180,,Loungers,,305.8,406.0,554.8,79.0,1018.0,44,0.487
ce48468a-422e-4bf4-83b6-6e81967df01f,c936b4e2-7595-43b8-87a0-9cd7172e12b4,Waterstones,Waterstones,307.0,420.0,622.0,222.0,1633.0,41,0.612
ce48468a-422e-4bf4-83b6-6e81967df01f,,Waterstones,,307.0,420.0,622.0,222.0,1633.0,41,0.612
70f1354e-4c5f-4351-8beb-60d0adc20829,82b6f201-ac70-41e3-bff7-6819ea4fb1f8,Peacocks,Peacocks,564.0,767.5,944.2,384.0,1398.0,30,0.351
70f1354e-4c5f-4351-8beb-60d0adc20829,,Peacocks,,564.0,767.5,944.2,384.0,1398.0,30,0.351
b80c7cf1-2965-444d-81ef-c6cb837969ea,9decc6d2-cde5-4530-96e3-bd057c37b269,The White Company,The White Company,364.5,473.5,603.0,244.0,1121.0,10,0.483
b80c7cf1-2965-444d-81ef-c6cb837969ea,,The White Company,,364.5,473.5,603.0,244.0,1121.0,10,0.483
568591fd-ed88-52eb-906e-6f5dcde0cb5e,bdfcae8e-0111-552f-a2c4-0aefeb730590,Asda,Asda Supercentre,145.0,198.0,234.5,108.0,319.0,6,0.385
3c67f5bb-9c14-405b-986d-81780e5bdbd6,40a51f72-8de5-43dc-b400-513e59b5ca54,Boom Battle Bar,Boom Battle Bar,608.0,821.0,1063.5,195.0,27740.0,15,2.604
3c67f5bb-9c14-405b-986d-81780e5bdbd6,,Boom Battle Bar,,608.0,821.0,1063.5,195.0,27740.0,15,2.604
11e05243-ad0a-4a02-82c2-96f8c9fffb49,93114bfd-1dd8-44de-a935-6c9b81b66b4e,Nuffield Health,Nuffield Health,2348.0,3130.0,3588.5,1618.0,6452.0,47,0.325
11e05243-ad0a-4a02-82c2-96f8c9fffb49,,Nuffield Health,,2348.0,3130.0,3588.5,1618.0,6452.0,47,0.325
37f2f023-4bf3-4679-b2c5-d93dc7784db1,16263ccd-3638-47e1-aabd-61b70625c1dc,Chaiiwala,Chaiiwala,107.0,214.5,303.0,40.0,395.0,10,0.59
37f2f023-4bf3-4679-b2c5-d93dc7784db1,,Chaiiwala,,107.0,214.5,303.0,40.0,395.0,10,0.59
7bca6697-511b-4b9b-b94c-bd940f6da979,f2164c43-5e75-4ed5-904c-6b4bedd7e243,Dunelm,Dunelm,2953.0,3639.0,3966.0,1531.0,4563.0,29,0.224
7bca6697-511b-4b9b-b94c-bd940f6da979,,Dunelm,,2953.0,3639.0,3966.0,1531.0,4563.0,29,0.224
677173bc-f060-4e33-9bfb-093f4a86d89e,59f1fa48-94c1-4584-82a3-1f9059e50bca,Anytime Fitness,Anytime Fitness,399.0,491.0,633.0,221.0,1017.0,70,0.37
677173bc-f060-4e33-9bfb-093f4a86d89e,,Anytime Fitness,,399.0,491.0,633.0,221.0,1017.0,70,0.37
47a104ca-338d-40ae-86fe-d337aaf04f8d,e9075657-6613-4c1f-af30-09f428ca519f,Joe & The Juice,Joe & The Juice,109.8,153.5,321.0,25.0,2567.0,34,1.502
47a104ca-338d-40ae-86fe-d337aaf04f8d,,Joe & The Juice,,109.8,153.5,321.0,25.0,2567.0,34,1.502
3d3eb77c-4a24-4945-89f3-1671827f49eb,b7407ef7-d471-4d4a-aa5b-a454442e5fc9,Slim Chickens,Slim Chickens,199.0,318.0,463.0,92.0,4410.0,5,1.694
3d3eb77c-4a24-4945-89f3-1671827f49eb,,Slim Chickens,,199.0,318.0,463.0,92.0,4410.0,5,1.694
d4c2757d-d982-529b-b490-cf3d638033a1,ae42e4c8-33fe-5f48-a9e1-422569fe9bc5,Chelmsford Star Co-operative Society,The Co-operative Food,192.0,299.0,339.0,64.0,688.0,17,0.539
d4c2757d-d982-529b-b490-cf3d638033a1,,Chelmsford Star Co-operative Society,,192.0,299.0,339.0,64.0,688.0,17,0.539
d59807de-63c4-5b13-b0b3-e8dd7b297891,303bdd0f-9276-572c-98c0-906d4b57b61f,Lincolnshire Co-operative,The Co-operative Food,167.5,386.0,406.5,49.0,1338.0,36,0.751
d59807de-63c4-5b13-b0b3-e8dd7b297891,,Lincolnshire Co-operative,,167.5,386.0,406.5,49.0,1338.0,36,0.751
363b51c8-6ead-4bb5-b397-64f2e10a4ed3,1ac1a7e6-0983-4ffb-831a-26a32ddbfede,Poundstretcher,Poundstretcher,634.8,858.0,1157.0,251.0,2517.0,46,0.571
363b51c8-6ead-4bb5-b397-64f2e10a4ed3,,Poundstretcher,,634.8,858.0,1157.0,251.0,2517.0,46,0.571
30035c06-f885-4f86-9ca2-c2fe17f38b17,dcc5a4e2-c7bc-4d1e-9723-b761aa5192ab,Chopstix,Chopstix,140.0,187.0,309.0,94.0,818.0,19,0.706
30035c06-f885-4f86-9ca2-c2fe17f38b17,,Chopstix,,140.0,187.0,309.0,94.0,818.0,19,0.706
39326c88-5150-4339-b497-92e798da825f,d1fd40c5-1ddd-40a6-a659-571cbb767e2e,Goldsmiths,Goldsmiths,185.5,260.0,438.0,137.0,1145.0,7,0.886
39326c88-5150-4339-b497-92e798da825f,,Goldsmiths,,185.5,260.0,438.0,137.0,1145.0,7,0.886
786fbdab-5fb9-4078-a8d5-1bd253b6db83,f2d76557-5e5a-4822-a061-ac4e73cba8d4,Burger King,Burger King Drive Thru,204.2,250.0,269.8,116.0,677.0,70,0.339
85a5c5ee-0da5-4a71-a2d9-6036ca3300cb,ee5e9a2b-3c4f-4eab-9579-dc9f0f374e82,Snap Fitness,Snap Fitness,533.5,712.0,827.0,363.0,2010.0,42,0.463
85a5c5ee-0da5-4a71-a2d9-6036ca3300cb,,Snap Fitness,,533.5,712.0,827.0,363.0,2010.0,42,0.463
d1a3b299-44c3-4d98-9f1b-f508a36a246e,7338ee1a-9af8-4d73-b219-3396f19c8274,Taco Bell,Taco Bell,169.0,264.0,372.0,85.0,747.0,29,0.543
d1a3b299-44c3-4d98-9f1b-f508a36a246e,,Taco Bell,,169.0,264.0,372.0,85.0,747.0,29,0.543
6e905225-e2de-409c-98a0-7a97e6e93f3c,5f7b07da-21a9-4134-bd77-c6bee67a8fe7,Cinch Self Storage,Cinch Self Storage,3073.0,3959.0,5329.0,366.0,9174.0,17,0.533
6e905225-e2de-409c-98a0-7a97e6e93f3c,,Cinch Self Storage,,3073.0,3959.0,5329.0,366.0,9174.0,17,0.533
79769f96-abcb-41fc-9f22-8e01b3886d4e,462eeced-bae9-4e02-86d2-9b060c4d08b9,IRO Sushi,IRO Sushi,64.2,86.0,120.2,50.0,174.0,38,0.386
79769f96-abcb-41fc-9f22-8e01b3886d4e,,IRO Sushi,,64.2,86.0,120.2,50.0,174.0,38,0.386
9ec5c3ce-d9a3-4cb4-88da-bf9f60d1d217,a2f2a427-c583-4f55-9135-cb1a35cea46c,Hollywood Bowl,Hollywood Bowl,2264.0,2607.0,3058.0,1957.0,6233.0,19,0.342
9ec5c3ce-d9a3-4cb4-88da-bf9f60d1d217,,Hollywood Bowl,,2264.0,2607.0,3058.0,1957.0,6233.0,19,0.342
ab0505b8-19a1-4dc5-bb4b-65f0e467621d,1cb9b2d7-53e0-4fd4-9ef8-7e65b852354a,Access Self Storage,Access Self Storage,5606.5,8083.5,9847.8,2930.0,17219.0,42,0.409
ab0505b8-19a1-4dc5-bb4b-65f0e467621d,,Access Self Storage,,5606.5,8083.5,9847.8,2930.0,17219.0,42,0.409
8eb90b1a-02c8-4160-a945-90c3532b3f9c,f18222cc-d932-4b2e-ae46-c32db084f142,EG on the move,EG on the move,99.2,151.5,208.2,81.0,247.0,6,0.437
8eb90b1a-02c8-4160-a945-90c3532b3f9c,,EG on the move,,99.2,151.5,208.2,81.0,247.0,6,0.437
e5675fa0-462e-40cc-af49-eeb177c6b333,a9ea439e-2903-4860-9fd8-04465b9bcc80,Pets at Home,Pets at Home,684.5,740.0,854.8,475.0,2430.0,12,0.589
e5675fa0-462e-40cc-af49-eeb177c6b333,,Pets at Home,,684.5,740.0,854.8,475.0,2430.0,12,0.589
75759c1d-56be-4269-888a-6601fd168ea4,01452437-300e-4a84-a46e-96457b9914e3,Tenpin,Tenpin,2075.0,2725.0,3166.0,206.0,4969.0,18,0.487
75759c1d-56be-4269-888a-6601fd168ea4,,Tenpin,,2075.0,2725.0,3166.0,206.0,4969.0,18,0.487
438fab4f-0adc-43f4-b7cd-93fc34e05015,051066a8-a4b9-4bfa-bfa5-d503d379f023,IWG / Regus,IWG / Regus,232.2,449.5,581.8,56.0,1348.0,12,0.784
438fab4f-0adc-43f4-b7cd-93fc34e05015,,IWG / Regus,,232.2,449.5,581.8,56.0,1348.0,12,0.784
de013248-d228-4d69-aeab-8836ec0a128e,5e6287f1-7e0d-4bd2-a894-1cc363176d78,Howdens Joinery,Howdens Joinery,780.8,952.0,989.5,110.0,2984.0,14,0.851
de013248-d228-4d69-aeab-8836ec0a128e,,Howdens Joinery,,780.8,952.0,989.5,110.0,2984.0,14,0.851
4cda547f-0451-5082-8fa7-c0b173065e09,8a98d247-690d-50c9-be80-2d7d13f9814b,Heart of England Co-operative,The Co-operative Food,133.0,325.0,362.0,124.0,391.0,5,0.482
4cda547f-0451-5082-8fa7-c0b173065e09,,Heart of England Co-operative,,133.0,325.0,362.0,124.0,391.0,5,0.482
ffdb6bc1-d775-54b9-9efd-d61b87a590f6,e11bea67-8d8d-562a-b4bb-088b06a10c3e,Makro,Makro,2633.0,3011.0,6295.0,1942.0,11543.0,7,0.771
ffdb6bc1-d775-54b9-9efd-d61b87a590f6,,Makro,,2633.0,3011.0,6295.0,1942.0,11543.0,7,0.771
7ae954de-2036-4c15-9224-d18dd4d23dd4,c99dcc37-070e-4c10-8b9b-dea6c0ef4d8a,Knoops,Knoops,86.0,102.0,152.0,68.0,184.0,9,0.366
7ae954de-2036-4c15-9224-d18dd4d23dd4,,Knoops,,86.0,102.0,152.0,68.0,184.0,9,0.366
af7560cf-f288-4894-9693-07a6b3eda361,fae49d3a-a085-4db4-ba80-9e1d099df873,Tim Hortons,Tim Hortons,293.0,339.5,386.0,198.0,785.0,18,0.414
af7560cf-f288-4894-9693-07a6b3eda361,,Tim Hortons,,293.0,339.5,386.0,198.0,785.0,18,0.414
2c113569-1204-4d39-a3b2-b66dd01b5914,0b273461-c30f-4232-837d-a948864c5123,Wendy's,Wendy's,221.0,258.0,383.0,204.0,454.0,5,0.359
2c113569-1204-4d39-a3b2-b66dd01b5914,,Wendy's,,221.0,258.0,383.0,204.0,454.0,5,0.359
d915a841-6770-4a21-9a76-3402599d3866,5a1b3bf9-fbcb-458d-84c3-37122814ff64,Shoezone,Shoezone,243.8,341.0,416.8,50.0,977.0,28,0.543
d915a841-6770-4a21-9a76-3402599d3866,,Shoezone,,243.8,341.0,416.8,50.0,977.0,28,0.543
731953ab-55aa-449d-b8ef-ac7779fce37d,5d57f56a-5433-4c8b-a2a3-ff5b09adb838,Deichmann,Deichmann,536.0,615.5,779.2,452.0,1317.0,16,0.357
731953ab-55aa-449d-b8ef-ac7779fce37d,,Deichmann,,536.0,615.5,779.2,452.0,1317.0,16,0.357
e7f7cd72-a4bd-4dea-a91e-5906f59239e7,b7fe245a-67b9-4757-a5b2-379553b71ecb,The Entertainer,The Entertainer,349.0,507.0,596.0,278.0,676.0,7,0.332
e7f7cd72-a4bd-4dea-a91e-5906f59239e7,,The Entertainer,,349.0,507.0,596.0,278.0,676.0,7,0.332
a7033043-3ef1-5159-9f86-990f67f19019,c162b2b3-b333-5dbc-89d6-6c70a53db6da,The Radstock Co-operative Society,The Co-operative Food,196.0,340.0,376.0,82.0,651.0,13,0.472
a7033043-3ef1-5159-9f86-990f67f19019,,The Radstock Co-operative Society,,196.0,340.0,376.0,82.0,651.0,13,0.472
823d34d1-ed4f-46c7-9971-c228de94ce30,777fbd62-d59a-4995-bf32-2495f9e715ba,Sainsbury's Smart Charge,Sainsbury's Smart Charge,1472.5,3659.5,6641.5,416.0,10737.0,6,0.891
823d34d1-ed4f-46c7-9971-c228de94ce30,,Sainsbury's Smart Charge,,1472.5,3659.5,6641.5,416.0,10737.0,6,0.891
16acd791-716a-5383-b9e2-e3b7eaa254a1,55010877-f3d4-59f0-8b88-19c079e5288f,Whole Foods Market,Whole Foods Market,463.0,541.5,1408.2,352.0,2056.0,6,0.782
16acd791-716a-5383-b9e2-e3b7eaa254a1,,Whole Foods Market,,463.0,541.5,1408.2,352.0,2056.0,6,0.782
31b0c325-d3b0-434e-94a0-d703fa39aa05,1e36bebc-19f2-416c-8ec1-716409e8285a,Wingstop,Wingstop,188.0,319.0,359.0,108.0,651.0,9,0.566
31b0c325-d3b0-434e-94a0-d703fa39aa05,,Wingstop,,188.0,319.0,359.0,108.0,651.0,9,0.566
bb41b358-979e-4ab6-a4f8-5e1e089f5bfe,3e33c476-b9e2-4d5d-858b-5080f90289cf,Yours Clothing,Yours Clothing,292.0,376.0,413.0,282.0,471.0,9,0.184
bb41b358-979e-4ab6-a4f8-5e1e089f5bfe,,Yours Clothing,,292.0,376.0,413.0,282.0,471.0,9,0.184
40ed404b-1301-488a-967e-6e99f0341620,5445935a-5c9f-43b8-a220-7f602ae41d96,UNIQLO,UNIQLO,1145.5,1540.0,2675.2,84.0,9908.0,12,1.109
40ed404b-1301-488a-967e-6e99f0341620,,UNIQLO,,1145.5,1540.0,2675.2,84.0,9908.0,12,1.109
981aa7f8-2e76-4575-acb1-3b0e0c25c0ec,2d23af6a-8f68-4241-8319-eb932822346b,Rosa's Thai,Rosa's Thai,133.5,213.5,267.5,121.0,510.0,12,0.54
981aa7f8-2e76-4575-acb1-3b0e0c25c0ec,,Rosa's Thai,,133.5,213.5,267.5,121.0,510.0,12,0.54
ff485f3e-d5f2-4385-a43a-4664c06a6c2e,86123f85-33f4-4d36-9937-63447f305b54,Skechers,Skechers,412.0,444.0,655.0,174.0,861.0,5,0.511
ff485f3e-d5f2-4385-a43a-4664c06a6c2e,,Skechers,,412.0,444.0,655.0,174.0,861.0,5,0.511
865313bb-8a52-5926-94ce-30238af1d890,c27fd31e-3d97-5a38-a82c-e55454026e9a,Planet Organic,Planet Organic,387.0,411.0,489.8,161.0,545.0,6,0.335
865313bb-8a52-5926-94ce-30238af1d890,,Planet Organic,,387.0,411.0,489.8,161.0,545.0,6,0.335
7acf6557-f6a3-40be-8f39-b42399d5e697,87f0dda3-8ad8-45bb-9ca0-178a9bc983ad,Tonkotsu,Tonkotsu,74.8,124.5,216.2,66.0,375.0,6,0.731
7acf6557-f6a3-40be-8f39-b42399d5e697,,Tonkotsu,,74.8,124.5,216.2,66.0,375.0,6,0.731
66236d6f-3e07-415b-83f8-5b3ca474b28c,acc40daa-3ea2-4d03-b299-7dabcb417992,Metro Bank,Metro Bank,376.5,383.0,760.5,262.0,2264.0,11,0.878
66236d6f-3e07-415b-83f8-5b3ca474b28c,,Metro Bank,,376.5,383.0,760.5,262.0,2264.0,11,0.878
899196be-6602-42b9-bcc2-b445077b7dc4,0e0daaee-0167-4556-a0bd-8f23dfdac025,F45 Training,F45 Training,288.8,313.0,320.0,185.0,349.0,6,0.196
899196be-6602-42b9-bcc2-b445077b7dc4,,F45 Training,,288.8,313.0,320.0,185.0,349.0,6,0.196
f4897b7c-5aa4-44fd-abe3-83ff85eab140,09e6f083-f74f-427a-a42e-edde811a7a8b,Coffi Lab,Coffi Lab,232.0,233.0,274.0,119.0,275.0,5,0.281
f4897b7c-5aa4-44fd-abe3-83ff85eab140,,Coffi Lab,,232.0,233.0,274.0,119.0,275.0,5,0.281
2be512d7-05e7-4732-a4d7-63caeb6bd100,86ed2c27-475f-4de6-a1b2-80e69c2be264,SoBe Burger,SoBe Burger,55.0,76.0,135.0,29.0,425.0,5,1.124
2be512d7-05e7-4732-a4d7-63caeb6bd100,,SoBe Burger,,55.0,76.0,135.0,29.0,425.0,5,1.124
db3b2ba0-56a7-4399-9772-e9210add5715,441f4377-38b4-46eb-a881-e0f59888d632,Shell Recharge,Shell Recharge,256.5,451.0,1008.5,110.0,3267.0,10,1.138
db3b2ba0-56a7-4399-9772-e9210add5715,,Shell Recharge,,256.5,451.0,1008.5,110.0,3267.0,10,1.138
20ae25d3-a04a-4903-8bf9-1a434c7d1966,b2ea96b0-01d7-4c34-b539-cbafd3bfb65c,Slater Menswear,Slater Menswear,582.0,686.0,1278.0,296.0,1536.0,5,0.587
20ae25d3-a04a-4903-8bf9-1a434c7d1966,,Slater Menswear,,582.0,686.0,1278.0,296.0,1536.0,5,0.587
4bd20634-e832-4e34-997c-d98a8be7e35d,c59698b5-7834-48b6-aa70-ad729868e09f,Currys,Currys,1489.8,1796.5,2081.5,1087.0,5549.0,6,0.711
4bd20634-e832-4e34-997c-d98a8be7e35d,,Currys,,1489.8,1796.5,2081.5,1087.0,5549.0,6,0.711
90526635-1c7f-45b9-9010-1b85052ece5a,615dc9b7-7cda-4a64-8c0b-1e52f64a2053,Oliver Bonas,Oliver Bonas,145.0,191.0,293.0,93.0,507.0,9,0.562
90526635-1c7f-45b9-9010-1b85052ece5a,,Oliver Bonas,,145.0,191.0,293.0,93.0,507.0,9,0.562
bf7d11be-b57e-4489-95d4-b83717474a09,5c0a7330-04b0-4179-a7e0-c46ecfbc75f8,IKEA,IKEA,27909.0,30472.0,31938.5,877.0,42851.0,7,0.466
bf7d11be-b57e-4489-95d4-b83717474a09,,IKEA,,27909.0,30472.0,31938.5,877.0,42851.0,7,0.466
8edec75a-8bdf-4886-aeb4-c552161238e6,cdb3e069-97db-4bf5-9b1a-90446b40b60b,Pavers,Pavers,223.0,266.0,446.0,193.0,448.0,5,0.39
8edec75a-8bdf-4886-aeb4-c552161238e6,,Pavers,,223.0,266.0,446.0,193.0,448.0,5,0.39
85d19d56-0a15-53b9-b6ad-63c01896eef8,fa6522f2-25e9-5045-bd4e-e55bf9883918,Aldi,Aldi Local,834.5,939.0,1190.0,727.0,1373.0,7,0.248
1161c53a-cb32-486b-b0f7-f459825b27a7,986439c6-d25d-4ba5-a64f-a27566bb823d,Bill's,Bill's,306.0,398.0,490.0,277.0,744.0,5,0.424
1161c53a-cb32-486b-b0f7-f459825b27a7,,Bill's,,306.0,398.0,490.0,277.0,744.0,5,0.424
502d1cb6-fd8e-4865-8b7d-1e41d81df24a,b41c1402-2213-4c9f-8314-5f55c0c56857,Brook Taverner,Brook Taverner,203.0,211.0,228.0,101.0,260.0,5,0.298
502d1cb6-fd8e-4865-8b7d-1e41d81df24a,,Brook Taverner,,203.0,211.0,228.0,101.0,260.0,5,0.298
ac10894f-75e1-54d9-8dde-e73581d962ee,17323523-a95b-5747-8c1d-eda418e9f52a,Costco,Costco,12211.0,12769.0,12784.0,12107.0,12870.0,5,0.029
ac10894f-75e1-54d9-8dde-e73581d962ee,,Costco,,12211.0,12769.0,12784.0,12107.0,12870.0,5,0.029
